PO:0000001	embryo proper	胚本体   
PO:0000002	anther wall	葯壁   
PO:0000003	whole plant	植物体全体   
PO:0000004	in vitro plant structure	培養下植物構造
PO:0000005	cultured plant cell	培養植物細胞   
PO:0000006	plant protoplast	植物プロトプラスト
PO:0000007	leaf-derived cultured plant cell	葉由来植物培養細胞
PO:0000008	root-derived cultured plant cell	根由来植物培養細胞
PO:0000009	cultured plant callus	培養植物カルス   
PO:0000010	cultured plant embryo	培養植物胚   
PO:0000011	cultured somatic plant embryo	培養植物体細胞不定胚   
PO:0000012	apical hook	頂端かぎ状屈曲構造
PO:0000013	cauline leaf	茎生葉、茎葉   
PO:0000014	rosette leaf	ロゼット葉   
PO:0000015	cotyledon primordium	子葉原基（可視的）
PO:0000016	lateral root primordium	側根原基   
PO:0000017	leaf primordium	葉原基   
PO:0000018	ovule primordium	胚珠原基（可視的）   
PO:0000019	gynoecium primordium	雌蕊原基(可視的）  
PO:0000020	starch sheath cell	デンプン鞘細胞
PO:0000021	petal primordium	花弁原基（可視的）   
PO:0000022	plant cuticle	植物クチクラ   
PO:0000023	casparian strip	カスパリー線
PO:0000024	filiform apparatus	繊形装置
PO:0000025	root tip	根端   
PO:0000026	primary root tip	一次根端   
PO:0000027	lateral root tip	側根端   
PO:0000028	pollen tube tip	花粉管先端部   
PO:0000029	root hair tip	根毛端   
PO:0000030	septum	隔壁   
PO:0000031	lenticel	皮目   
PO:0000032	tetrad of microspores	小胞子の四分子   小胞子四分子
PO:0000033	fruit valve	果実の弁   
PO:0000034	vascular system	維管束系   
PO:0000035	cotyledon vascular system	子葉維管系   
PO:0000036	leaf vascular system	葉維管系   
PO:0000037	shoot apex	シュート頂、茎頂   
PO:0000038	primary endosperm cell	一次胚乳細胞   
PO:0000039	shoot axis vascular system	シュート軸維管系   
PO:0000040	adventitious root nodule	不定根根粒   
PO:0000041	epidermal cork cell	表皮コルク細胞   
PO:0000042	shoot-borne root	シュート細胞由来の根 
PO:0000043	crown root	冠根   
PO:0000044	prop root	支柱根、支持根、支柱気根   
PO:0000045	embryo root	初期の根、胚根   
PO:0000046	seminal root	種子根   
PO:0000047	leaf lamina epidermis	葉身表皮   
PO:0000048	leaf lamina vascular system	葉身維管系   
PO:0000049	leaf lamina abaxial epidermis	葉身背軸側表皮   
PO:0000050	leaf lamina adaxial epidermis	葉身向軸側表皮   
PO:0000051	petiole epidermis	葉柄表皮   
PO:0000052	petiole vascular system	葉柄維管系   
PO:0000053	petiole cortex	葉柄皮層   
PO:0000054	petal vascular system	花弁維管系   
PO:0000055	bud	芽   
PO:0000056	flower bud	花芽   
PO:0000057	inflorescence bud	花序芽   
PO:0000058	vegetative bud	枝芽   
PO:0000059	root initial cell	根始原細胞   
PO:0000060	root cortex-endodermis initial cell	根皮層内皮始原細胞   
PO:0000061	lateral root-cap-epidermal initial cell	側根冠表皮始原細胞   
PO:0000062	stomatal initial	気孔始原細胞
PO:0000063	leaf procambial cell	葉前形成層細胞
PO:0000064	xylem pole pericycle cell	木質部孔鞘細胞
PO:0000065	phloem pole pericycle cell	師部極内鞘細胞
PO:0000066	epithem cell	被覆組織細胞   
PO:0000071	companion cell	伴細胞   
PO:0000074	parenchyma cell	柔組織細胞   
PO:0000075	collenchyma cell	厚角組織 細胞   
PO:0000076	chlorenchyma cell	同化組織、葉緑組織 細胞   
PO:0000077	sclerenchyma cell	厚膜組織 細胞   
PO:0000078	transfer cell	転送細胞   
PO:0000079	fusiform initial	紡錘形始原細胞   
PO:0000081	axial cell	軸細胞   
PO:0000082	ray initial	放射組織始原細胞   
PO:0000084	plant sperm cell	植物精子細胞   
PO:0000112	shoot axis epidermis	シュート軸表皮   
PO:0000115	socket cell	ソケット細胞   
PO:0000146	abscission zone	離層   
PO:0000191	synergid	助細胞   
PO:0000198	free nuclear endosperm	遊離核型胚乳   
PO:0000199	cellular endosperm	細胞性胚乳   
PO:0000200	micropylar endosperm	珠孔内胚乳   
PO:0000201	chalazal cyst	カラザの嚢   
PO:0000207	nectary epidermis	蜜腺表皮   
PO:0000223	shoot axis cortex	シュート軸皮層   
PO:0000224	central zone	中央帯   
PO:0000225	peripheral zone	周辺帯   
PO:0000226	rib zone	髄状帯
PO:0000229	flower meristem	花芽分裂組織   
PO:0000230	inflorescence meristem	花序分裂組織   
PO:0000232	axillary bud meristem	腋芽分裂組織   
PO:0000244	functional megaspore	機能的大胞子   
PO:0000245	degenerate megaspore	退化大胞子、胞子形成に寄与しない大胞子   
PO:0000252	endodermis	内皮   
PO:0000256	root hair cell	根毛細胞   
PO:0000258	root cortex	根皮層   
PO:0000262	trichoblast	根毛形成細胞、トリコブラスト
PO:0000263	atrichoblast	非毛根形成細胞、アトリコブラスト
PO:0000272	protoxylem	原生木（質）部   
PO:0000273	xylem element	木部要素   
PO:0000274	xylem fiber cell	木部繊維細胞   
PO:0000282	trichome	毛茸、糸状体、毛   
PO:0000283	idioblast	異形(型）細胞
PO:0000284	subsidiary cell	助細胞,副細胞（気孔）(auxiliary cell, synergid)   
PO:0000289	sieve tube element	師(篩）管要素   
PO:0000290	tracheary element	管状要素   
PO:0000293	guard cell	孔辺細胞   
PO:0000295	cambial initial	形成層始原細胞   
PO:0000301	tracheid	仮導管   
PO:0000309	nectary parenchyma	蜜腺柔組織   
PO:0000332	epidermal pavement cell	表皮被蓋細胞   
PO:0000349	epidermal initial	表皮始原細胞   
PO:0000351	guard mother cell	孔辺母細胞   
PO:0000352	myrosin cell	ミロシン細胞   
PO:0000353	passage cell	通過細胞   
PO:0000355	fiber tracheid	繊維仮導管   
PO:0000372	metaxylem	後生木部   
PO:0000373	mucilage cell	粘液細胞
PO:0000400	phloem mother cell	師部母細胞   
PO:0000423	plant zygote	植物接合子、接合体   
PO:0000431	megasporocyte	大胞子母細胞   
PO:0002000	stomatal complex	気孔装置   
PO:0002001	papillae	乳頭状突起   
PO:0002002	embryo basal cell	胚基底細胞   
PO:0002003	xylem vessel member	木質部道管状要素   
PO:0002004	silk scar	シルクの痕跡   
PO:0003000	transition zone	移行領域、移行帯、移行域   
PO:0003004	haustorial root	吸器根（寄生植物の根）
PO:0003005	nodal root	節根   
PO:0003011	root vascular system	根維管系   
PO:0003015	primary root differentiation zone	一次根分化帯（層）
PO:0003016	lateral root differentiation zone	側根分裂帯（層） 
PO:0003017	root cap of primary root	主根の根冠   
PO:0003018	root cap of lateral root	側根の根冠   
PO:0003019	central root cap of lateral root	側根の中心根冠   
PO:0003020	lateral root cap of lateral root	側根の側根冠   
PO:0003021	central root cap of primary root	一次根の中心根冠   
PO:0003022	lateral root cap of primary root	一次根の側根冠   
PO:0003023	root nodule	根粒   
PO:0003024	stolon	ストロン、ほふく茎   
PO:0004001	bulliform cell	泡状細胞   
PO:0004002	contact cell	接触細胞
PO:0004003	phellem	コルク組織（＝cork tissue)   
PO:0004004	epithelium cell	上皮細胞
PO:0004005	laticiferous cell	乳細胞
PO:0004006	mesophyll cell	葉肉細胞   
PO:0004007	phelloid cell	コルク様（スベリン無）細胞
PO:0004008	photosynthetic cell	光合成細胞
PO:0004009	silica cell	ケイ酸細胞、珪酸細胞   
PO:0004010	meristematic cell	分裂組織細胞
PO:0004011	initial cell	始原細胞   
PO:0004012	secretory cell	分泌細胞
PO:0004013	epidermal cell	表皮細胞   
PO:0004509	glandular trichome	腺毛   
PO:0004511	seed trichome	種子毛（毛茸、糸状体、毛状突起体）
PO:0004512	heartwood	心材   
PO:0004513	sapwood	液材、辺材   
PO:0004514	growth ring	年輪（＝annual ring)   
PO:0004515	early wood	早材   
PO:0004516	late wood	晩材   
PO:0004517	growth ring boundary	年輪境界線   
PO:0004518	bark	樹皮   
PO:0004519	phloem fiber cell	師部繊維   
PO:0004520	libriform fiber cell	真性木繊維   
PO:0004521	septate fiber cell	隔壁繊維細胞 
PO:0004522	outer vascular cambium	外側維管 形成層   
PO:0004523	included vascular cambium	材内維管形成層   
PO:0004524	included phloem	材内師部   
PO:0004525	secondary xylem parenchyma cell	二次木部柔組織細胞   
PO:0004526	axial secondary xylem parenchyma cell	軸方向二次木部柔組織細胞   
PO:0004527	ray secondary xylem parenchyma cell	放射状二次木部柔組織細胞   
PO:0004528	upright ray secondary xylem parenchyma cell	直立放射状二次木部柔組織細胞   
PO:0004529	procumbent ray secondary xylem parenchyma cell	平伏放射二次木部柔組織細胞  
PO:0004530	tile cell	タイル細胞   
PO:0004531	sheath cell	鞘細胞   
PO:0004532	secondary xylem parenchyma	二次木部柔組織   
PO:0004533	axial secondary xylem parenchyma	軸方向二次木部柔組織   
PO:0004534	ray secondary xylem parenchyma	放射状二次木質部柔組織   
PO:0004535	fruit placenta	果実の胎座   
PO:0004536	fruit pedicel	果柄   
PO:0004537	nucellar plant embryo	珠心由来の不定胚   
PO:0004538	indeterminate nodule	無限型根粒   
PO:0004539	determinate nodule	有限型根粒   
PO:0004540	fruit columella	果実柱軸   
PO:0004542	rhizome	根茎=root stock   
PO:0004543	shoot axis tuber	シュート軸塊茎   
PO:0004544	root-borne shoot system	根由来苗条系   
PO:0004545	shoot-borne shoot system	シュート由来苗条系   
PO:0004546	epicomic shoot	後生枝   
PO:0004547	subterranean tuber	地下塊茎   
PO:0004548	aerial tuber	むかご(珠芽）propagule   
PO:0004700	anther wall middle layer	葯壁中間層   
PO:0004701	short shoot	短枝   
PO:0004702	long shoot	長枝   
PO:0004703	carpel primordium	心皮原基(可視的）
PO:0004704	sepal primordium	がく片原基（可視的） 
PO:0004705	stamen primordium	雄蕊原基（可視的）
PO:0004706	flower primordium	花原基（可視的）   
PO:0004707	fruit dehiscence zone	裂開果帯   
PO:0004708	scutellar node	胚盤節   
PO:0004709	axillary bud	腋芽   
PO:0004710	axillary flower bud	腋花芽   
PO:0004711	axillary inflorescence bud	腋花序芽   
PO:0004712	axillary vegetative bud	腋枝芽   
PO:0004713	terminal bud	頂芽   
PO:0004714	terminal flower bud	頂花芽   
PO:0004715	terminal inflorescence bud	花序頂芽   
PO:0004716	terminal vegetative bud	栄養成長型頂芽   
PO:0004717	long cell	長細胞   
PO:0004718	short cell	短細胞   
PO:0004719	hilum groove	へそ（種子）溝   
PO:0004720	paraclade	側生分枝（=lateral branch）   
PO:0004721	paraclade cortex	側生分枝皮層   
PO:0004722	pedicel cortex	小花柄皮層   
PO:0004723	sepal vascular system	がく片維管系   
PO:0004724	hypocotyl-root junction	胚軸-根合流点   
PO:0004725	abaxial side of leaf primordium	葉原基の裏側、背軸側   
PO:0004726	adaxial side of leaf primordium	葉原基(可視的）の表側、向軸側   
PO:0005001	basal axillary shoot system	基底腋枝系
PO:0005002	cauline axillary shoot	茎生腋枝   
PO:0005003	shoot axis trichome	シュート軸毛（毛茸、糸状体）   
PO:0005004	shoot node	シュート 節   
PO:0005005	shoot internode	シュート節間   
PO:0005006	articulated laticifer	連合乳管（有節乳管）   
PO:0005007	non-articulated laticifer	無節乳管、単乳管   
PO:0005009	carpel septum	心皮隔壁   
PO:0005010	anther septum	葯隔壁   
PO:0005011	anther dehiscence zone	開葯帯   
PO:0005012	pedicel vascular system	小花柄維管系   
PO:0005013	hypocotyl epidermis	胚軸 表皮   
PO:0005014	embryo cortex	胚皮層   
PO:0005015	embryo endodermis	胚内胚葉   
PO:0005016	replum	隔膜   
PO:0005017	flower vascular system	花維管 系   
PO:0005018	stamen vascular system	雄蕊維管系   
PO:0005019	carpel vascular system	心皮維管系   
PO:0005020	vascular bundle	維管束   
PO:0005021	sepal margin	がく片縁   
PO:0005022	ovary wall	子房壁   
PO:0005023	abaxial epidermis of ovary	子房の裏側、背軸側の表皮   
PO:0005024	adaxial epidermis of ovary	子房の表側、向軸側の表皮   
PO:0005025	middle layer of ovary wall	子房壁の中間層   
PO:0005026	root giant cell	根巨大細胞   
PO:0005027	root syncytium cell	根融合細胞   
PO:0005028	inflorescence vascular system	花序維管系   
PO:0005029	root primordium	根原基（可視的） 
PO:0005039	primary thickening meristem	一次 肥厚（膜）分裂組織   
PO:0005040	root pith	根髄   
PO:0005041	shoot axis pith	シュート軸髄   
PO:0005043	secondary phloem	二次師部   
PO:0005046	periderm	周皮   
PO:0005047	root periderm	根周皮   
PO:0005048	shoot axis periderm	シュート軸周皮   
PO:0005050	phelloderm	コルク皮層   
PO:0005051	hypodermis	真皮   
PO:0005052	plant callus	植物カルス   
PO:0005053	laticifer	乳管   
PO:0005057	shoot axis hypodermis	シュート軸真皮   
PO:0005058	shoot axis endodermis	シュート軸内胚葉   
PO:0005059	root endodermis	根内皮   
PO:0005060	leaf endodermis	葉内皮   
PO:0005349	schizo-lysigenous aerenchyma	離破生通気組織(schizogenous?)
PO:0005352	xylem	木質部   
PO:0005360	aleurone layer	糊粉粒、アリューロン層   
PO:0005415	endosperm parenchyma	内胚乳、胚乳柔組織   
PO:0005417	phloem	師部、師管
PO:0005421	parenchyma	柔組織   
PO:0005423	collenchyma	厚角組織   
PO:0005426	chlorenchyma	同化組織、葉緑組織   
PO:0005427	sclerenchyma	厚膜組織   
PO:0005597	cambium	形成層   
PO:0005598	vascular cambium	維管束形成層   
PO:0005599	cork cambium	コルク形成層   
PO:0005621	angular collenchyma	角隅厚角組織
PO:0005632	lacunar collenchyma	間隙厚角組織
PO:0005633	lamellar collenchyma	ラメラ厚角組織
PO:0005645	leaf mesophyll	葉の葉肉   
PO:0005647	spongy mesophyll	海綿状葉肉   
PO:0005648	palisade mesophyll	柵状葉肉   
PO:0005656	portion of secretory tissue	分泌組織の一部   
PO:0005660	hydathode	排水組織   
PO:0005661	salt gland	塩腺   
PO:0005665	resin canal	樹脂道   
PO:0005669	oil gland	油胞、油腺   
PO:0005679	epidermis	表皮   
PO:0005702	aerenchyma	通気組織   
PO:0005704	rhexigenous aerenchyma	破生通気組織
PO:0005706	lysigenous aerenchyma	崩潰通気組織
PO:0005708	cortex	皮層   
PO:0005752	promeristem	前分裂組織
PO:0005772	exodermis	外皮   
PO:0005848	secondary xylem	二次木部   
PO:0005849	primary xylem	一次木部   
PO:0006000	caryopsis hull	イネ科植物 籾殻、外皮   
PO:0006001	phyllome	フィロム、葉(的）器官   
PO:0006002	lower glume	第一苞頴(first glume)   
PO:0006003	scale leaf	鱗片葉   
PO:0006004	upper glume	第二苞頴(second glume)   
PO:0006005	carpel anlagen	心皮原基   
PO:0006006	anther wall primary parietal cell layer	葯壁一次側膜細胞層、壁細胞層   
PO:0006007	anther wall secondary parietal cell layer	葯壁二次側膜細胞層、壁細胞層   
PO:0006008	anther wall inner secondary parietal cell layer	葯壁内二次側膜細胞層   
PO:0006009	anther wall outer secondary parietal cell layer	葯壁外二次側膜細胞層、壁細胞層   
PO:0006010	primary parietal cell	一次側膜細胞、壁細胞   
PO:0006011	lateral leaf vein	側脈   
PO:0006012	leaf collar	葉頚領（カラー）   
PO:0006013	juice sac	胞のう   
PO:0006014	male archesporial cell	雄性胞原細胞   
PO:0006015	female archesporial cell	雌胞原細胞   
PO:0006016	leaf epidermis	葉表皮   
PO:0006017	helobial endosperm	沼生目型胚乳   
PO:0006018	leaf adaxial epidermis	葉向軸側表皮   
PO:0006019	leaf abaxial epidermis	葉背軸側表皮   
PO:0006020	lateral root apical meristem	側根頂端分裂組織   
PO:0006021	adventitious root apical meristem	不定根頂端分裂組織   
PO:0006022	bundle sheath extension	維管束鞘延長部   
PO:0006023	bundle sheath	維管束鞘   
PO:0006024	parenchyma sheath	柔組織 鞘   
PO:0006025	mestome sheath	メストム鞘、維管束鞘の内側、維管束鞘延長部   
PO:0006032	lemma awn	外頴芒   
PO:0006033	paleal apiculus	内頴頂端   
PO:0006034	leaflet margin	小葉縁   
PO:0006035	shoot epidermis	シュート表皮   
PO:0006036	root epidermis	根表皮   
PO:0006039	adventitious root epidermis	不定根表皮   
PO:0006040	sepal epidermis	がく片表皮   
PO:0006041	petal epidermis	花弁表皮   
PO:0006042	velamen	根被（套被）   
PO:0006043	integument epidermis	珠皮表皮   
PO:0006044	inner integument epidermis	内珠皮表皮   
PO:0006045	outer integument epidermis	外珠皮表皮   
PO:0006048	seed coat epidermis	種子種皮表皮   
PO:0006049	scutellum epidermis	胚盤表皮   
PO:0006050	exotesta	外珠皮の外側の表皮から発生する外種皮   
PO:0006051	endotesta	外珠皮の内側の表皮から発生する外種皮   
PO:0006052	petal abaxial epidermis	花弁背軸側 表皮   
PO:0006053	petal adaxial epidermis	花弁向軸側 表皮   
PO:0006054	sepal abaxial epidermis	がく片背軸側 表皮   
PO:0006055	sepal adaxial epidermis	がく片向軸側 表皮   
PO:0006056	cotyledon epidermis	子葉 表皮   
PO:0006057	cotyledon abaxial epidermis	子葉 背軸側 表皮   
PO:0006058	cotyledon adaxial epidermis	子葉 向軸側 表皮   
PO:0006060	filament epidermis	花糸表皮   
PO:0006061	stigma epidermis	柱頭 表皮   
PO:0006062	style epidermis	花柱表皮   
PO:0006063	ovary epidermis	子房表皮   
PO:0006065	hypocotyl endodermis	胚軸内胚葉   
PO:0006066	petiole parenchyma	葉柄柔組織   
PO:0006067	cambium-like transitional zone	形成層様移行帯
PO:0006068	sepal parenchyma	がく片柔組織   
PO:0006069	petal parenchyma	花弁柔組織   
PO:0006070	mesophyll	葉肉   
PO:0006071	petal mesophyll	花弁葉肉   
PO:0006072	sepal mesophyll	がく片葉肉   
PO:0006073	intercalary meristem	節間分裂組織、介在分裂組織
PO:0006075	primary phloem	一次師部   
PO:0006076	metaphloem	後生師部   
PO:0006077	protophloem	原生師部
PO:0006078	primary vascular tissue	一次維管束組織
PO:0006079	shoot meristem	シュート分裂組織   
PO:0006080	secondary vascular tissue	二次維管束組織
PO:0006081	primary root apical meristem	一次根頂端分裂組織   
PO:0006082	abaxial protoderm	背軸側前表皮
PO:0006083	adaxial protoderm	向軸側前表皮
PO:0006084	portion of transfusion tissue	移入組織の一部   
PO:0006085	root meristem	根分裂組織   
PO:0006086	accessory transfusion tissue	副(補助）移入組織
PO:0006087	proliferation tissue	増殖組織
PO:0006088	primary sporogenous cell	一次胞子形成細胞   
PO:0006089	anther primordium	葯原基(可視的）
PO:0006090	organogenic callus	器官形成カルス   
PO:0006091	embryogenic callus	胚状カルス   
PO:0006109	pith	髄   
PO:0006200	fascicular cambium	維管束内形成層   
PO:0006201	interfascicular cambium	維管束間形成層   
PO:0006202	interfascicular region	維管束間領域   
PO:0006203	pericycle	内鞘   
PO:0006204	sporocyte	胞子母細胞   
PO:0006205	spongy mesophyll cell	海綿状葉肉細胞   
PO:0006206	palisade mesophyll cell	柵状葉肉細胞   
PO:0006207	exodermal passage cell	外皮通過細胞   
PO:0006208	endodermal passage cell	内胚葉通過細胞   
PO:0006209	lateral root epidermis	側根表皮
PO:0006210	protoderm	前表皮、原表皮
PO:0006211	separation layer	隔離層   
PO:0006212	protective layer	保護層   
PO:0006213	root aerenchyma	根通気組織   
PO:0006214	stem aerenchyma	茎通気組織   
PO:0006215	leaf aerenchyma	葉通気組織   
PO:0006216	internal phloem	内部師部
PO:0006218	exotegmen	内珠皮の外側の表皮から発生する内種皮   
PO:0006219	endotegmen	内珠皮の内側の表皮から発生する内種皮   
PO:0006220	central endosperm	中心内胚乳、胚乳   
PO:0006221	articulated laticifer cell	連合乳管（有節乳管）細胞   
PO:0006222	non-articulated laticifer cell	無節乳管細胞、単乳管細胞   
PO:0006301	corpus	内体
PO:0006302	tunica	外衣
PO:0006303	L1	L1
PO:0006304	L2	L2
PO:0006305	L3	L3
PO:0006307	root procambium	根前形成層   
PO:0006308	root lateral meristem	根側部分裂組織   
PO:0006309	tassel spikelet	雄穂（花）の小穂   
PO:0006310	tassel floret	雄穂小花   
PO:0006311	tassel sessile spikelet	雄穂（花）の無柄小穂   
PO:0006312	tassel pedicellate spikelet	雄穂（花）の有柄小穂   
PO:0006313	lower floret of pedicellate spikelet of tassel	雄穂（花）の有柄小穂の下位小花   
PO:0006314	upper floret of pedicellate spikelet of tassel	雄穂（花）の有柄小穂の上位小花   
PO:0006315	lower floret of sessile spikelet of tassel	雄穂（花）の無柄小穂の下位小花   
PO:0006316	upper floret of sessile spikelet of tassel	雄穂（花）の無柄小穂の上位小花   
PO:0006319	spikelet pedicel	小穂小花柄   
PO:0006320	ear spikelet	雌穂（花）小穂   
PO:0006321	second order inflorescence axis	第二花序軸   
PO:0006322	third order inflorescence axis	第三花序軸   
PO:0006323	tassel branch	雄穂枝   
PO:0006324	central spike of tassel	雄穂(花）中央の穂   
PO:0006325	inflorescence node	花序節   
PO:0006326	inflorescence internode	花序節間   
PO:0006327	spikelet meristem	小穂分裂組織   
PO:0006328	spikelet pair meristem	小穂対分裂組織   
PO:0006330	gynophore	花被間柱、子房柄、雌蕊柄   
PO:0006331	seed raphe	種子背線、縫線   
PO:0006332	seed funicle	種子種柄   
PO:0006333	seed chalaza	種子 カラザ   
PO:0006334	seed micropyle	種子珠孔   
PO:0006336	seed obturator	種子閉塞組織   
PO:0006338	embryo leaf	初期の葉、胚葉
PO:0006339	juvenile vascular leaf	維管束系幼葉
PO:0006340	adult vascular leaf	維管束系の成葉
PO:0006341	primary shoot	一次分げつ系
PO:0006342	infructescence	果序   
PO:0006343	axillary shoot system	腋苗条系   
PO:0006344	shoot lateral meristem	茎側分裂組織   
PO:0006345	pollen tube	花粉管   
PO:0006346	leaf intercalary meristem	葉 介在 分裂組織   
PO:0006347	stem intercalary meristem	茎介在分裂組織   
PO:0006348	ear pedicellate spikelet	雌穂（花）の有柄小穂   
PO:0006349	ear sessile spikelet	雌穂の無柄小穂   
PO:0006350	upper floret of pedicellate spikelet of ear	雌穂（花）の有柄小穂の上位小花   
PO:0006351	lower floret of sessile spikelet of ear	雌穂（花）の無柄小穂の下位小花   
PO:0006352	upper floret of sessile spikelet of ear	雌穂（花）の無柄小穂の上位小花   
PO:0006353	lower floret of pedicellate spikelet of ear	雌穂（花）の有柄小穂の下位小花   
PO:0006354	ear floret	雌穂小花   
PO:0006358	tassel spikelet pair meristem	雄穂（花）の小穂対分裂組織   
PO:0006360	ear spikelet pair meristem	雌穂（花）小穂対分裂組織   
PO:0006362	embryo shoot apical meristem	胚性シュート頂端分裂組織   
PO:0006367	glume of ear spikelet	雌穂小穂の苞頴   
PO:0006368	glume of tassel spikelet	雄穂小穂の苞頴   
PO:0006369	lower glume of ear spikelet	雌穂（花）小穂の第一苞頴(first glume)   
PO:0006370	upper glume of tassel spikelet	雄穂（花）小穂の第二苞頴(second glume)   
PO:0006371	upper glume of ear spikelet	雌穂（花）小穂の第二苞頴(second glume)   
PO:0006372	lower glume of tassel spikelet	雄穂（花）小穂の第一苞頴(first glume)   
PO:0006375	ear apical meristem	雌穂頂分裂組織   
PO:0006376	tassel apical meristem	雄穂頂分裂組織   
PO:0006377	tassel spikelet meristem	雄穂（花）の小穂分裂組織   
PO:0006378	ear spikelet meristem	雌穂（花）小穂分裂組織   
PO:0006379	tassel spikelet rachilla	雄穂（花）の小穂小軸   
PO:0006380	ear spikelet rachilla	雌穂（花）小穂小軸   
PO:0006385	lower glume of pedicellate spikelet of tassel	雄穂（花）の有柄小穂の第一苞頴(first glume)   
PO:0006386	lower glume of sessile spikelet of tassel	雄穂（花）の無柄小穂の第一苞頴(first glume)   
PO:0006387	upper glume of sessile spikelet of tassel	雄穂（花）の無柄小穂の第二苞頴(second glume)   
PO:0006388	upper glume of pedicellate spikelet of tassel	雄穂（花）の有柄小穂の第二苞頴(second glume)   
PO:0006389	rachilla of sessile spikelet of tassel	雄穂（花）の無柄小穂の花序軸   
PO:0006390	rachilla of pedicellate spikelet of tassel	雄穂（花）の有柄小穂の花序軸   
PO:0006415	pedicel of ear spikelet	雌穂（花）小穂の小花柄   
PO:0006416	pedicel of tassel spikelet	雄穂（花）小穂の小花柄   
PO:0006417	tassel peduncle	雄穂花梗   
PO:0006418	ear peduncle	雌穂花柄   
PO:0006435	rachilla of pedicellate spikelet of ear	雌穂（花）の有柄小穂の小軸   
PO:0006436	rachilla of sessile spikelet of ear	雌穂（花）の無柄小穂の小軸   
PO:0006437	lower glume of pedicellate spikelet of ear	雌穂（花）の有柄小穂の第一苞頴(first glume)   
PO:0006438	lower glume of sessile spikelet of ear	雌穂（花）の無柄小穂の第一苞頴(first glume)   
PO:0006439	upper glume of pedicellate spikelet of ear	雌穂（花）の有柄小穂の第二苞頴(second glume)   
PO:0006440	upper glume of sessile spikelet of ear	雌穂（花）の無柄小穂の第二苞頴(second glume)   
PO:0006501	leaf abscission zone	葉離層帯   
PO:0006502	flower abscission zone	落花帯（層）   
PO:0006503	fruit abscission zone	落果実 (fruit shedding zone)   
PO:0006504	leaf trichome	葉毛（毛茸、糸状体）   
PO:0006505	central spike of ear	雌穂（花）中央の穂   
PO:0008001	fruit distal end	果実 遠位端   
PO:0008002	fruit proximal end	果実 近位端   
PO:0008003	fruit vascular system	果実維管 系   
PO:0008005	fruit nucellus	果実珠心   
PO:0008006	nucellar epidermis	珠心 表皮   
PO:0008007	nucellar projection	珠心突起   
PO:0008008	modified aleurone	特殊化した糊粉、修飾アリューロン
PO:0008009	abaxial nucellar projection	背軸側珠心突起   
PO:0008010	adaxial nucellar projection	向軸側珠心突起   
PO:0008011	embryo vascular system	胚維管系   
PO:0008012	stigma vascular system	柱頭維管系   
PO:0008013	anther vascular system	葯維管系   
PO:0008014	filament vascular system	花糸維管 系   
PO:0008015	hypocotyl vascular system	胚軸維管系   
PO:0008016	vegetative shoot apical meristem	栄養シュート頂端分裂組織   
PO:0008017	leaf sheath pulvinus	葉鞘葉枕   
PO:0008018	transition vascular leaf	維管束植物の幼葉と成熟葉の移行期の葉   
PO:0008019	leaf lamina base	葉身基部   
PO:0008020	central zone of the leaf lamina	葉身(葉片)の中央帯
PO:0008021	tertiary leaf vein	三次葉脈   
PO:0008022	quaternary leaf vein	四次葉脈   
PO:0008023	higher order leaf vein	高次葉脈   
PO:0008024	petiole proximal end	葉柄 近位端   
PO:0008025	central zone of the petiole	葉柄の中央帯   
PO:0008026	petiole distal end	葉柄遠位端   
PO:0008027	petiole adaxial epidermis	葉柄向軸側 表皮   
PO:0008028	reproductive shoot apical meristem	生殖シュート頂端 分裂組織   
PO:0008029	petiole abaxial epidermis	葉柄背軸側 表皮   
PO:0008030	trichome cell	毛（毛茸、糸状体）細胞   
PO:0008031	trichome branch	毛上の分枝   
PO:0008032	stomatal pore	気孔開口部   
PO:0008034	leaf whorl	葉輪生   
PO:0008035	plerome	原中心柱   
PO:0008036	periblem	原皮層   
PO:0008037	seedling	芽生え、実生
PO:0008038	adventitious root primordium	不定根根原基（可視的）
PO:0008039	stem base	茎基部   
PO:0008040	lodicule primordium	鱗被原基（可視的）  
PO:0008041	stem internode elongation zone	茎節間伸長帯（層）
PO:0008042	stem internode differentiation zone	茎節間分化帯（層） 
PO:0008043	floral epidermis	花表皮   
PO:0008044	floral stomatal complex	花気孔装置   
PO:0008045	floral guard cell	花孔辺細胞   
PO:0008046	floral stomatal pore	花気孔開口部   
PO:0008047	scutellar vascular system	胚盤維管系   
PO:0008048	scutellar epithelium	胚盤上皮細胞   
PO:0009000	pulvinus	葉枕   
PO:0009001	fruit	果実   
PO:0009002	plant cell	植物細胞   
PO:0009003	sporophyte	胞子体   
PO:0009004	gametophyte	配偶体   
PO:0009005	root	根   
PO:0009006	shoot system	シュート系、苗条系   
PO:0009007	portion of plant tissue	植物組織の一部   
PO:0009008	plant organ	植物 器官   
PO:0009009	plant embryo	植物胚   
PO:0009010	seed	種子   
PO:0009011	plant structure	植物 構造   
PO:0009012	plant structure development stage	植物構造発生過程
PO:0009013	meristem	分裂組織   
PO:0009014	dermal tissue	表皮組織   
PO:0009015	portion of vascular tissue	維管束細胞の一部   
PO:0009016	ground tissue	基本組織
PO:0009017	inflorescence branch pulvinus	花序枝葉枕   
PO:0009018	basal endosperm transfer cell	基底胚乳転送細胞   
PO:0009020	meristem L1	分裂組織 L1   
PO:0009021	meristem L2	分裂組織 L2   
PO:0009022	meristem L3	分裂組織 L3   
PO:0009023	leaf axil	葉腋
PO:0009025	vascular leaf	維管束のある葉   、または維管束植物の葉
PO:0009026	sporophyll	胞子葉   
PO:0009027	megasporophyll	大胞子葉   
PO:0009028	microsporophyll	小胞子葉   
PO:0009029	stamen	雄蕊   
PO:0009030	carpel	心皮   
PO:0009031	sepal	がく片   
PO:0009032	petal	花弁   
PO:0009033	tepal	花被片   
PO:0009034	flower bract	花苞（葉）   
PO:0009035	nectary	蜜腺   
PO:0009036	lodicule	鱗被   
PO:0009037	lemma	外頴   
PO:0009038	palea	内頴   
PO:0009039	glume	苞頴   
PO:0009040	sterile lemma	不稔外頴   
PO:0009041	fertile lemma	稔性外頴   
PO:0009042	prophyll	前葉、前出葉  
PO:0009043	bracteole	小苞   
PO:0009044	perigynium	ペリギニウム、果胞、造卵器群やそれから発生した胞子体の周辺の組織が発達し肉厚で筒状となった構造   
PO:0009045	involucral bract	総苞片   
PO:0009046	flower	花   
PO:0009047	stem	茎   
PO:0009049	inflorescence	花序   
PO:0009051	spikelet	小穂   
PO:0009052	pedicel	小花柄   
PO:0009053	peduncle	花梗（総梗）   
PO:0009054	inflorescence bract	花序苞   
PO:0009055	bract	苞葉   
PO:0009056	flower nectary	花蜜腺   
PO:0009057	extrafloral nectary	花外蜜腺   
PO:0009058	perianth	花蓋、花被   
PO:0009059	corolla	花冠   
PO:0009060	calyx	がく   
PO:0009061	androecium	雄蕊群   
PO:0009062	gynoecium	雌蕊群   
PO:0009063	epicalyx	がく状総苞   
PO:0009064	receptacle	花床（花托）   
PO:0009065	hypanthium	花床筒 、いちじく状花序（＝hypanthodium   
PO:0009066	anther	葯   
PO:0009067	filament	花糸   
PO:0009068	connective	葯隔、結合組織   
PO:0009069	anther theca	葯
PO:0009071	anther wall tapetum	葯壁タペート組織
PO:0009072	ovary	子房   
PO:0009073	stigma	柱頭   
PO:0009074	style	花柱   
PO:0009075	plant ontology	植物オントロジー
PO:0009077	staminode	仮雄蕊   
PO:0009078	pistillode	不稔の雌蕊、退化雌蕊   
PO:0009080	spikelet rachilla	小穂小軸   
PO:0009081	inflorescence branch	花序枝   
PO:0009082	spikelet floret	小穂小花   
PO:0009083	reproductive structures	生殖構造
PO:0009084	pericarp	果皮   
PO:0009085	exocarp	外果皮   
PO:0009086	endocarp	内果皮   
PO:0009087	mesocarp	中果皮   
PO:0009088	seed coat	種子種皮   
PO:0009089	endosperm	内胚乳、胚乳   
PO:0009090	aril	仮種皮   
PO:0009091	mature dispersal unit	?
PO:0009100	involucre	総苞   
PO:0009101	long lateral tassel branch	雄穂の長側枝   
PO:0009102	short tassel branch	雄穂短枝   
PO:0009103	short tassel branch meristem	雄穂短枝分裂組織   
PO:0009104	long lateral tassel branch meristem	雄穂の長側枝の分裂組織   
PO:0009105	inflorescence branch meristem	花序側部（側方）分裂組織   
PO:0009106	tassel meristem	雄穂分裂組織   
PO:0009107	tassel inflorescence branch meristem	雄穂側分裂組織   
PO:0009108	inflorescence apical meristem	花序頂端分裂組織   
PO:0009109	ear meristem	雌穂分裂組織   
PO:0009110	ear inflorescence branch meristem	雌穂側分裂組織   
PO:0009111	petiole pulvinus	葉柄葉枕   
PO:0019018	plant embryo axis	植物胚軸   
PO:0019022	arilloid	アリロイド、種皮の付属物
PO:0019023	strophiole	ストロフィオール   
PO:0019024	seed operculum	種子蘚蓋  
PO:0019026	tracheid bar	仮導管の筋、縞   
PO:0020001	ovary placenta	子房胎座   
PO:0020002	anther wall endothecium	葯壁内皮
PO:0020003	ovule	胚珠   
PO:0020004	anther wall exothecium	葯壁外皮  
PO:0020005	placentoid	胎座様   
PO:0020006	funicle	珠柄   
PO:0020008	exine	外皮、外壁、エキシン、外膜
PO:0020009	ectexine	エクテキシン（ektexine?)
PO:0020010	endexine	エンデキシン、内層
PO:0020011	nexine	ネキシン
PO:0020012	sexine	セキシン、有刻層
PO:0020013	tectum	テクタム、外表層
PO:0020014	columella	軸柱、柱軸   
PO:0020015	sculpture elements	柱状体
PO:0020016	foot layer	底部層
PO:0020017	intine	内膜、内壁
PO:0020018	germination pore	発芽孔
PO:0020019	megaspore	大胞子   
PO:0020020	nucellus	珠心   
PO:0020021	integument	珠皮   
PO:0020022	inner integument	内珠皮   
PO:0020023	outer integument	外珠皮   
PO:0020024	endothelium	内皮（？）  endothecium? 
PO:0020025	micropyle	孔   
PO:0020026	chalaza	カラザ（合点）=珠心と珠皮が珠柄につながるところ、珠孔の反対側   
PO:0020027	raphe	背線、縫線   
PO:0020028	antiraphe	胚珠の縫線と反対側にある組織   
PO:0020029	obturator	閉塞組織   
PO:0020030	cotyledon	子葉   
PO:0020031	radicle	幼根   
PO:0020032	plumule	幼芽   
PO:0020033	coleoptile	子葉鞘、鞘葉   
PO:0020034	coleorhiza	根鞘   
PO:0020035	epicotyl	上胚軸   
PO:0020036	epiblast	外胚葉   
PO:0020037	mesocotyl	中胚軸   
PO:0020038	petiole	葉柄   
PO:0020039	leaf lamina	葉身（葉片）   
PO:0020040	leaf base	葉脚、葉底、葉身基部   
PO:0020041	stipule	托葉   
PO:0020042	simple leaf	単葉   
PO:0020043	compound leaf	複葉   
PO:0020044	hyperphyll	単子葉の単面円柱形先端
PO:0020045	pinnate leaf	羽状葉   
PO:0020046	palmate leaf	掌状葉   
PO:0020047	microsporocyte	小胞子母細胞   
PO:0020048	microspore	小胞子   
PO:0020049	leaflet	小葉   
PO:0020050	petiolule	小葉柄   
PO:0020051	stipel	小托葉   
PO:0020052	megaphyll	大葉
PO:0020053	microphyll	小葉
PO:0020054	bud scale leaf	芽鱗片葉
PO:0020055	leaf rachis	葉軸   
PO:0020056	tegmen	内種子(internal seed coat, inner seed coat, secundine)   
PO:0020057	testa	外種皮   
PO:0020058	perisperm	外胚乳   
PO:0020059	pollen wall	花粉壁
PO:0020060	caruncle	種枕（種阜）   
PO:0020061	coma	種髪   
PO:0020062	elaiosome	油脂体   
PO:0020063	hilum	核（デンプン粒）、へそ（種子）   
PO:0020064	dehiscent fruit	裂開果
PO:0020065	indehiscent fruit	閉果
PO:0020066	fleshy fruit	多肉果
PO:0020075	mericarp	分果
PO:0020081	seed as dispersal unit	分散ユニットとしての種子
PO:0020084	pyrene	核果の種、核
PO:0020085	seed and fruit wall as dispersal unit	分散ユニットとしての種子と果壁
PO:0020086	multiple fruit	多果
PO:0020090	central cell	中央細胞   
PO:0020093	antipodal cell	反足細胞   
PO:0020094	plant egg cell	植物卵細胞   
PO:0020095	polar nucleus	極核
PO:0020096	egg apparatus	卵装置   
PO:0020097	generative cell	雄原細胞、生殖系列細胞   
PO:0020099	vegetative cell	栄養細胞   
PO:0020100	hypocotyl	胚軸   
PO:0020101	stomium	口辺細胞   
PO:0020102	portion of transmitting tissue	伝達組織の一部   
PO:0020103	flag leaf	止葉（boot leaf)   
PO:0020104	leaf sheath	葉鞘   
PO:0020105	ligule	葉舌   
PO:0020106	auricle	葉鞘葉耳   
PO:0020108	suspensor	胚柄   
PO:0020109	embryo hypophysis	胚原根層
PO:0020110	scutellum	胚盤   
PO:0020121	lateral root	側根   
PO:0020122	inflorescence axis	花序軸   
PO:0020123	root cap	根冠（＝kalyptra)   
PO:0020124	root stele	根中心柱   
PO:0020125	elongation zone	伸長帯   
PO:0020126	tassel inflorescence	雄穂（花）   
PO:0020127	primary root	一次根   
PO:0020128	leaf margin	葉縁   
PO:0020130	central root cap	中心根冠   
PO:0020131	lateral root cap	側根冠   
PO:0020132	columella root cap cell	柱軸根冠細胞   
PO:0020133	columella root cap initial cell	柱軸根冠始原細胞   
PO:0020134	statolith	感受粒、平衡粒、デンプン粒
PO:0020135	root differentiation zone	根分化帯（層） 
PO:0020136	ear inflorescence	雌穂（花）   
PO:0020137	leaf apex	葉先   
PO:0020138	leaf lamina vein	葉身葉脈
PO:0020139	leaf midvein	葉主脈、中央脈、中脈   
PO:0020140	secondary leaf vein	二次葉脈   
PO:0020141	stem node	茎節   
PO:0020142	stem internode	茎節間   
PO:0020144	apical meristem	頂端分裂組織   
PO:0020145	lateral meristem	側 分裂組織   
PO:0020147	root apical meristem	根端分裂組織   
PO:0020148	shoot apical meristem	茎頂分裂組織   
PO:0020149	quiescent center	静止中心   
PO:0021002	calyx absolute size	がくサイズ
PO:0021003	calyx relationship	がくの関係
PO:0021004	inflorescence initiation stage	花序の開始期
PO:0025001	cardinal organ part	基本的な（主要な）器官部   
PO:0025002	basal root	下胚軸由来の根、不定根   
PO:0025003	tuber axillary shoot	塊茎腋 分げつ   
PO:0025004	plant axis	植物軸（軸柱）   
PO:0025005	organ margin	器官　縁   
PO:0025006	gamete	配偶子   
PO:0025007	collective plant structure	集合植物器官構造   
PO:0025008	petal margin	花弁周縁   
PO:0025009	leaf lamina margin	葉身縁   
PO:0025010	petiole margin	葉柄縁   
PO:0025011	bract margin	苞縁   
PO:0025012	cotyledon margin	子葉縁   
PO:0025013	prophyll margin	前葉縁、前出葉縁
PO:0025014	scale leaf margin	鱗片葉縁   
PO:0025015	tepal margin	花被片縁   
PO:0025016	sporophyll margin	芽胞葉、実葉、胞子葉　縁   
PO:0025017	plant spore	植物胞子   
PO:0025018	phyllome margin	フィロム縁   
PO:0025019	carpel margin	心皮縁   
PO:0025020	stamen margin	雄蕊縁   
PO:0025021	collective tepal structure	集合花被片構造   
PO:0025022	collective leaf structure	葉が集まった構造  
PO:0025023	collective phyllome structure	葉的器官が集まった構造
PO:0025024	branch node	枝節   
PO:0025025	root system	根系   
PO:0025026	embryo sac cell	胚嚢細胞   
PO:0025027	microgametophytic cell	小配偶体細胞   
PO:0025028	embryo plant cell	胚性植物細胞   
PO:0025029	shoot axis	シュート軸   
PO:0025030	ground tissue cell	基本組織細胞   
PO:0025031	laticifer cell	乳管細胞   
PO:0025032	hydroid	ハイドロイド、仮導管状細胞   
PO:0025033	leptoid	レプトイド、師管組織に相当する細胞群   
PO:0025034	leaf	葉   
PO:0025035	storage parenchyma	貯蔵柔組織   
PO:0025036	tuber storage parenchyma	塊茎貯蔵柔組織   
PO:0025037	fruit storage parenchyma	果実貯蔵柔組織   
PO:0025038	subterranean tuber storage parenchyma	地下塊茎 貯蔵柔組織   
PO:0025039	aerial tuber storage parenchyma	むかご（珠芽）貯蔵柔組織   
PO:0025040	tuber axillary vegetative bud	塊茎腋栄養芽   
PO:0025041	aerial tuber axillary vegetative bud	むかご（珠芽）腋枝芽   
PO:0025042	subterranean tuber axillary vegetative bud	地下塊茎腋栄養芽   
PO:0025043	tuber periderm	塊茎周皮   
PO:0025044	aerial tuber periderm	むかご（珠芽）周皮   
PO:0025045	subterranean tuber periderm	地下塊茎 周皮   
PO:0025046	tuber epidermis	塊茎 表皮   
PO:0025047	aerial tuber epidermis	むかご（珠芽）表皮   
PO:0025048	subterranean tuber epidermis	地下塊茎 表皮   
PO:0025049	subterranean tuber interfascicular region	地下塊茎維管束間領域   
PO:0025050	tuber interfascicular region	塊茎維管束間領域   
PO:0025051	aerial tuber interfascicular region	むかご（珠芽）維管束間領域   
PO:0025052	tuber pith	塊茎髄   
PO:0025053	subterranean tuber pith	地下塊茎 髄   
PO:0025054	aerial tuber pith	むかご（珠芽）髄   
PO:0025055	tuber cortex	塊茎皮層   
PO:0025056	aerial tuber cortex	むかご（珠芽）皮層   
PO:0025057	subterranean tuber cortex	地下塊茎 皮層   
PO:0025058	perimedullary zone	髄冠   
PO:0025059	portion of ground tissue	基本組織の一部   
PO:0025060	lamina	葉身、葉片   
PO:0025061	tuber perimedullary zone	塊茎髄冠   
PO:0025062	aerial tuber perimedullary zone	むかご（珠芽）髄冠   
PO:0025063	subterranean tuber perimedullary zone	地下塊茎 髄冠   
PO:0025064	shoot axis perimedullary zone	シュート軸髄冠   
PO:0025065	root perimedullary zone	根髄冠   
PO:0025066	stalk	柄   
PO:0025067	seed storage parenchyma	種子貯蔵柔組織   
PO:0025068	tuber axillary bud meristem	塊茎腋芽 分裂組織   
PO:0025069	aerial tuber axillary bud meristem	むかご（珠芽）腋芽分裂組織   
PO:0025070	subterranean tuber axillary bud meristem	地下塊茎腋芽 分裂組織   
PO:0025071	terminal reproductive bud	生殖型頂芽   
PO:0025072	axillary reproductive bud	腋生殖芽   
PO:0025073	branch	枝   
PO:0025074	embryo sac	胚嚢   
PO:0025075	non-vascular leaf	非維管束系葉   
PO:0025076	axillary strobilus bud	腋珠果（ストロビル）芽   
PO:0025077	terminal strobilus bud	頂果芽   
PO:0025078	placenta	胎座   
PO:0025079	aerial tuber axillary shoot	むかご（珠芽）腋枝   
PO:0025080	branch internode	枝節間   
PO:0025081	subterranean tuber axillary shoot	地下塊茎腋 分げつ   
PO:0025082	reproductive shoot system	生殖シュート 系、苗条系   
PO:0025083	strobilus	胞子嚢穂,　球花
PO:0025084	reproductive bud	生殖芽   
PO:0025085	strobilus bud	珠果芽   
PO:0025088	gynoecium ridge	雌蕊縁   
PO:0025092	dehiscence zone	裂開帯   
PO:0025093	spore capsule annulus	胞子蒴環帯   
PO:0025094	sporangium	胞子嚢   
PO:0025095	root parenchyma	根柔組織   
PO:0025096	carpel epidermis	心皮 表皮   
PO:0025097	stamen epidermis	雄蕊表皮   
PO:0025098	bract trichome	苞毛（毛茸、糸状体）   
PO:0025099	embryo plant structure	胚性植物構造   
PO:0025100	shoot internode elongation zone	シュート節間伸長帯（層）   
PO:0025101	branch internode elongation zone	枝節間伸長帯（層）
PO:0025102	shoot internode differentiation zone	シュート節間分化帯(層）   
PO:0025103	branch internode differentiation zone	枝節間分化帯(層）
PO:0025104	first order inflorescence axis	第一花序軸   
PO:0025105	forth order inflorescence axis	第四花序軸   
PO:0025106	fifth order inflorescence axis	第五花序軸   
PO:0025107	sixth order inflorescence axis	第六花序軸   
PO:0025108	seventh order inflorescence axis	第七花序軸   
PO:0025109	eighth order inflorescence axis	第八花序軸   
PO:0025110	ninth order inflorescence axis	第九花序軸   
PO:0025111	tenth or higher order inflorescence axis	第十以上の花序軸   
PO:0025112	second order infructescence axis	第二果序軸   
PO:0025113	third order infructescence axis	第三果序軸   
PO:0025114	forth order infructescence axis	第四果序軸   
PO:0025115	fifth order infructescence axis	第五果序軸   
PO:0025116	sixth order infructescence axis	第六果序軸   
PO:0025117	plant anatomical space	植物 解剖学（形態）的空間   
PO:0025118	anther pore	葯頂の孔   
PO:0025119	plant axis differentiation zone	植物軸分化帯   
PO:0025120	antheridium sperm cell	造精器精子細胞   
PO:0025121	pollen sperm cell	花粉精子細胞   
PO:0025122	archegonium egg cell	造卵器卵細胞   
PO:0025123	embryo sac egg cell	胚嚢卵細胞   
PO:0025124	multicellular plant gametangium	多細胞植物配偶子嚢   
PO:0025125	antheridium	造精器   
PO:0025126	archegonium	造卵器   
PO:0025127	primordium	原基（可視的） 
PO:0025128	phyllome primordium	フィロム原基（可視的） 
PO:0025129	petiole lamina	葉柄葉身、葉片   
PO:0025130	cigar leaf	葉巻状葉 
PO:0025131	plant anatomical entity	植物 解剖学（形態）的実体   
PO:0025132	canal	溝  
PO:0025133	petiole canal	葉柄の溝
PO:0025134	inflorescence branch crown	花序枝 冠   
PO:0025135	cigar leaf lamina abaxial epidermis	葉巻状葉の葉身背軸側表皮   
PO:0025136	free tepal	遊離花被片   
PO:0025137	fused tepal	融合花被片   
PO:0025138	fused collective tepal structure	複数の融合花被片構造   
PO:0025139	phyllome apex	フィロム頂端   
PO:0025140	phyllome base	フィロム基部  
PO:0025141	phyllome tip	フィロム 先端
PO:0025142	leaf tip	葉端   
PO:0025143	tepal apex	花被片頂   
PO:0025144	petal apex	花弁頂   
PO:0025145	sepal apex	がく片頂端   
PO:0025146	petal base	花弁基部   
PO:0025147	sepal base	がく片基部   
PO:0025148	tepal base	花被片基部   
PO:0025149	petal tip	花弁先端   
PO:0025150	sepal tip	がく片先端   
PO:0025151	tepal tip	花被片先端   
PO:0025152	peduncle epidermis	花梗表皮   
PO:0025153	peduncle trichome	花梗毛（毛茸、糸状体）   
PO:0025154	bract apex	苞頂端   
PO:0025155	bract base	苞基部   
PO:0025156	bract tip	苞端   
PO:0025157	phyllome epidermis	フィロム表皮   
PO:0025158	bract epidermis	苞表皮   
PO:0025159	bract abaxial epidermis	苞背軸側 表皮   
PO:0025160	bract adaxial epidermis	苞向軸側 表皮   
PO:0025161	portion of plant substance	植物を構成する物質の一部   
PO:0025162	multicellular trichome	多細胞毛（毛茸、糸状体）   
PO:0025163	multicellular trichome branch cell	多細胞毛（毛茸、糸状体）分枝細胞   
PO:0025164	root epidermal cell	根表皮細胞   
PO:0025165	shoot epidermal cell	シュート表皮 細胞   
PO:0025166	papilla cell	乳頭細胞   
PO:0025167	leaf papilla cell	葉乳頭毛細胞（パピラ）   
PO:0025168	stigma papilla cell	柱頭乳頭細胞   
PO:0025169	prickle	いが、刺状突起   
PO:0025170	root prickle	根刺状突起   
PO:0025171	shoot axis prickle	シュート軸表皮のとげ   
PO:0025172	thorn	とげ（spine, prickle)   
PO:0025173	spine leaf	葉針
PO:0025174	spine stipule	托葉とげ   
PO:0025175	leaf prickle	葉刺状突起   
PO:0025176	stem trichome	茎の毛
PO:0025177	branch trichome	枝の毛
PO:0025178	stem epidermis	茎表皮   
PO:0025179	branch epidermis	枝 表皮   
PO:0025180	plant axis elongation zone	植物軸伸長帯   
PO:0025181	root elongation zone	根伸長帯（層） 
PO:0025182	sepal trichome	がく片毛（毛茸、糸状体）   
PO:0025183	leaf stomatal complex	葉気孔装置   
PO:0025184	tepal epidermis	花被片表皮   
PO:0025185	leaf lamina stomatal complex	葉身気孔装置   
PO:0025186	phyllome trichome	フィロム毛（毛茸、糸状体）   
PO:0025187	petal trichome	花弁毛（毛茸、糸状体）   
PO:0025188	tepal trichome	花被片毛（毛茸、糸状体）   
PO:0025189	petiole stomatal complex	葉柄 気孔装置   
PO:0025190	leaf abaxial stomatal complex	葉背軸側気孔装置   
PO:0025191	leaf adaxial stomatal complex	葉向軸側気孔装置   
PO:0025192	tepal abaxial epidermis	花被片背軸側 表皮   
PO:0025193	tepal adaxial epidermis	花被片向軸側 表皮   
PO:0025194	root nodule meristem	根粒分裂組織   
PO:0025195	pollen tube cell	花粉管細胞   
PO:0025196	basal endosperm transfer layer	基底胚乳転送層   
PO:0025197	stele	中心柱, central cylinder   
PO:0025198	shoot axis stele	シュート軸中心柱   
PO:0025199	branch stele	枝中心柱   
PO:0025200	stem stele	茎中心柱   
PO:0025201	megasporangium	大胞子嚢   
PO:0025202	microsporangium	小胞子嚢   
PO:0025203	pericarp vascular bundle	果皮維管束   
PO:0025204	rhizome internode	根茎節間   
PO:0025205	shoot system vascular system	シュート系維管系   
PO:0025206	phyllome vascular system	フィロム維管系
PO:0025207	tepal vascular system	花被片維管系   
PO:0025208	carpel trichome	心皮毛（毛茸、糸状体）   
PO:0025209	stamen trichome	雄蕊毛（毛茸、糸状体）   
PO:0025210	leaf abaxial trichome	葉背軸側毛（毛茸、糸状体）   
PO:0025211	leaf adaxial trichome	葉向軸側毛（毛茸、糸状体）   
PO:0025212	leaf pavement cell	葉被蓋細胞   
PO:0025213	leaf abaxial pavement cell	葉背軸側被蓋細胞   
PO:0025214	leaf adaxial pavement cell	葉向軸側被蓋細胞   
PO:0025215	phyllome stomatal complex	フィロム 気孔装置 
PO:0025216	bract stomatal complex	苞気孔装置   
PO:0025217	carpel stomatal complex	心皮気孔装置   
PO:0025218	petal stomatal complex	花弁気孔装置   
PO:0025219	sepal stomatal complex	がく片気孔装置   
PO:0025220	stamen stomatal complex	雄蕊気孔装置   
PO:0025221	tepal stomatal complex	花被片気孔装置   
PO:0025222	reproductive shoot apex	生殖シュート頂、茎頂   
PO:0025223	vegetative shoot apex	栄養シュート頂、栄養枝頂   
PO:0025224	axil	腋、軸
PO:0025225	bract axil	苞腋   
PO:0025226	branch axil	枝腋   
PO:0025227	tetrad of megaspores	大胞子の四分子   
PO:0025228	valve	弁   
PO:0025229	spore capsule valve	コケ類　蒴（さく）弁   
PO:0025230	columella	軸柱、柱軸   
PO:0025231	spore capsule columella	コケ類　蒴（さく）軸柱   
PO:0025233	portion of embryo plant tissue	植物胚性組織 の一部  
PO:0025234	phyllome stomatal pore	フィロム 気孔開口部
PO:0025235	leaf stomatal pore	葉気孔開口部   
PO:0025236	phyllome guard cell	フィロム孔辺細胞   
PO:0025237	leaf guard cell	葉孔辺細胞   
PO:0025238	abaxial petiole canal	背軸側葉柄管   
PO:0025239	adaxial petiole canal	向軸葉柄管   
PO:0025240	second order inflorescence	第二花序   
PO:0025241	second order infructescence	第二果序   
PO:0025242	infructescence axis	果序軸   
PO:0025243	infructescence branch	果序枝   
PO:0025244	first order infructescence axis	第一果序軸   
PO:0025245	persistent sepal	宿存がく片   
PO:0025246	persistent tepal	宿存花被片   
PO:0025247	persistent stamen	宿存雄蕊   
PO:0025248	pseudostem	偽茎   
PO:0025249	leaf sheath epidermis	葉鞘表皮   
PO:0025250	leaf sheath abaxial epidermis	葉鞘背軸側表皮   
PO:0025251	leaf sheath adaxial epidermis	葉鞘向軸側表皮   
PO:0025252	seventh order infructescence axis	第七果序軸   
PO:0025253	eighth order infructescence axis	第八果序軸   
PO:0025254	ninth order infructescence axis	第九果序軸   
PO:0025255	tenth or higher order infructescence axis	第十以上の果序軸   
PO:0025256	lateral root elongation zone	側根伸長帯（層）  
PO:0025257	primary root elongation zone	一次根伸長帯（層）
PO:0025258	procambial cell	前形成層細胞
PO:0025259	leaf procambium	葉前形成層
PO:0025260	shoot axis procambium	シュート軸前形成層
PO:0025261	pericycle cell	内鞘細胞
PO:0025262	ovary septum	子房隔壁  
PO:0025263	locule	室
PO:0025264	anther locule	葯室
PO:0025265	sporangium locule	胞子嚢室
PO:0025266	ovary locule	子房室
PO:0025267	fruit replum	果実隔膜
PO:0025268	fruit septum	果実隔壁
PO:0025269	collective organ part structure	集合的器官の部分構造
PO:0025270	fruit locule	果実室
PO:0025272	ovary replum	子房隔膜 
PO:0025273	stem procambium	茎前形成層
PO:0025274	branch procambium	枝前形成層
PO:0025275	procambium	前形成層
PO:0025276	shoot procambium	シュート前形成層
PO:0025277	pollen sac	花粉のう
PO:0025278	rhizome scale leaf	根茎鱗片葉
PO:0025279	megagametophyte	大配偶体
PO:0025280	microgametophyte	小配偶体
PO:0025281	pollen	花粉
PO:0025282	archegonium megagametophyte	造卵器大配偶体
PO:0025283	antheridium microgametophyte	造精器小胞子体（小配偶体）
PO:0025284	embryo apical cell	胚頂端細胞
PO:0025285	callus parenchyma cell	カルス柔組織細胞
PO:0025286	embryo coleoptile	胚子葉鞘、胚鞘葉
PO:0025287	seedling coleoptile	実生幼葉鞘
PO:0025288	embryo coleorhiza	胚根鞘
PO:0025289	seedling coleorhiza	実生根鞘
PO:0025290	embryo hypocotyl	胚下胚軸
PO:0025291	seedling hypocotyl	実生胚軸
PO:0025292	embryo epicotyl	胚上胚軸
PO:0025293	seedling epicotyl	実生上胚軸
PO:0025294	embryo mesocotyl	胚中茎、胚中胚軸
PO:0025295	seedling mesocotyl	実生中胚軸
PO:0025296	embryo radicle	胚幼根
PO:0025297	seedling radicle	実生幼根
PO:0025298	fruit operculum	果蓋
PO:0025299	calyptra perianth	蘚帽花蓋、花被 
PO:0025300	embryo hypocotyl-root junction	胚軸-根合流点
PO:0025301	seedling hypocotyl-root junction	実生胚軸-根合流点
PO:0025302	somatic plant embryo	体細胞plant胚
PO:0025303	zygotic plant embryo	接合体植物胚
PO:0025304	cultured zygote-derived plant embryo	培養接合子由来植物胚
PO:0025305	microspore-derived cultured plant embryo	小胞子由来培養植物胚
PO:0025306	sporangium wall	胞子嚢壁
PO:0025307	microsporangium wall	小胞子嚢壁
PO:0025308	megasporangium wall	大胞子嚢壁
PO:0025309	microsporangium endothecium	小胞子嚢内皮
PO:0025310	megasporangium endothecium	大胞子嚢内皮
PO:0025311	microsporangium exothecium	小胞子嚢外皮
PO:0025312	megasporangium exothecium	大胞子嚢外皮
PO:0025313	tapetum	絨毯組織、タペート組織
PO:0025314	microsporangium tapetum	小胞子嚢絨毯組織（タペート組織）
PO:0025315	megasporangium tapetum	大胞子嚢嚢絨毯組織（タペート組織）
PO:0025316	axillary hair	腋毛
PO:0025317	axillary hair terminal cell	腋毛終端細胞
PO:0025318	axillary hair base	腋毛基底
PO:0025319	axillary hair basal cell	腋毛基底細胞
PO:0025320	cotyledonary node rhizoid	子葉節仮根
PO:0025321	cotyledonary node	子葉節
PO:0025322	hydathode pore	排水組織孔
PO:0025323	flower fascicle	花束
PO:0025324	banner petal	旗弁
PO:0025325	wing petal	翼弁
PO:0025326	keel petal	杯状花弁、竜骨弁
PO:0025327	keel	竜骨（イネ科）、舟弁（マメ科）
PO:0025328	unifacial vascular leaf	単面維管束系葉
PO:0025329	calyptra calyx	蘚帽がく
PO:0025330	calyptra corolla	蘚帽花冠
PO:0025331	ray flower	舌状花
PO:0025332	disk flower	中心花
PO:0025333	ensiform vascular leaf	維管束系剣状葉
PO:0025334	terete vascular leaf	維管束系円柱形葉
PO:0025335	phyllode leaf	葉化葉？
PO:0025336	transition phyllode leaf	移行期の葉化葉
PO:0025337	life of whole plant	植物体の一生
PO:0025338	collective plant structure development stage	集合的植物構造の発生過程
PO:0025339	plant organ development stage	植物器官発生過程
PO:0025340	gametophyte vegetative stage	配偶体栄養期
PO:0025341	gametophyte reproductive stage	配偶体生殖段階
PO:0025342	gametophyte dormant stage	配偶体休眠期
PO:0025343	gametophyte senescent stage	配偶体老化過程
PO:0025344	gametophore reproductive whole plant development stage	茎葉体生殖生長
PO:0025345	gametophore vegetative whole plant development stage	茎葉体栄養生長
PO:0025346	thallus reproductive whole plant development stage	葉状体生殖生長期
PO:0025347	thallus vegetative whole plant development stage	葉状体栄養生長期
PO:0025348	phyllome lamina vein 	フィロム葉身脈
PO:0025349	awn	芒
PO:0025350	palea awn	内頴芒
PO:0025351	glume awn	苞頴芒
PO:0025352	tubercle	小塊茎、塊根
PO:0025353	bud areole	刺座、アレオール
PO:0025354	cladode	扁茎、仮葉枝、葉状茎
PO:0025355	corm	球茎
PO:0025356	bulb	球根、鱗茎
PO:0025357	pneumatophore	通気根、呼吸根
PO:0025358	pneumatorhiza	支持根から出る側根
PO:0025359	sorus	生殖器群、造精器群、胞子嚢群
PO:0025360	ceonosorus	融合胞子嚢を有する維管束葉表面の集合構造
PO:0025361	leaf tendril	葉巻きひげ
PO:0025362	leaflet tendril	小葉巻きひげ、若葉巻きひげ
PO:0025363	leaf apex tendril	葉先巻きひげ
PO:0025364	branch tendril	枝巻きひげ
PO:0025365	stem apex tendril	茎頂端巻きひげ
PO:0025366	leaf rachis tendril	葉軸巻きひげ
PO:0025367	prophyll tendril	前葉巻きひげ、前出葉巻きひげ
PO:0025368	trichome development stage	毛発生過程
PO:0025369	seed trichome development stage	種子毛発生過程
PO:0025370	seed trichome initiation stage	種子毛形成過程
PO:0025371	seed trichome elongation stage	種子毛伸長過程
PO:0025372	seed trichome secondary wall biosynthesis stage	種子毛二次壁生合成段階
PO:0025373	seed trichome maturation stage	種子毛成熟段階
PO:0025374	seed dormant stage	種子休眠期
PO:0025375	plant spore stage	胞子期
PO:0025376	plant spore dormant stage	胞子休眠期
PO:0025377	plant embryo dormant stage	植物胚休眠期
PO:0025378	arillode	偽仮種皮
PO:0025379	intercellular space	細胞間間隙
PO:0025380	leaf mesophyll intercellular space	葉肉細胞内空間（間隙）
PO:0025381	spongy mesophyll intercellular space	海綿状葉肉細胞間間隙
PO:0025382	substomatal cavity	気孔下腔、呼吸腔
PO:0025383	phyllome sinus	フィロム洞
PO:0025384	leaf sinus	葉洞、溝？
PO:0025385	cutin	クチン
PO:0025386	cuticular wax	クチクラワックス
PO:0025387	plant cuticle proper	植物クチクラproper
PO:0025388	epicuticular wax	エピクチクラワックス
PO:0025389	intercuticular wax	クチクラ層間ワックス
PO:0025390	free ending veinlet	自由端細脈
PO:0025391	phyllome lamina areole	フィロム葉身網目隙
PO:0025392	leaf lamina areole	葉身網目隙
PO:0025393	pappus	冠毛
PO:0025394	pappus element	冠毛の要素
PO:0025395	floral organ	花器官
PO:0025396	phyllome lamina	フィロム葉身
PO:0025397	palisade mesophyll intercellular space	柵状葉肉細胞間間隙
PO:0025398	phyllome substomatal cavity	フィロム気孔下腔、フィロム呼吸腔
PO:0025399	leaf substomatal cavity	葉気孔下腔, 呼吸腔
PO:0025400	phyllome adaxial meristem	フィロム向軸側分裂組織
PO:0025401	leaf adaxial meristem	葉向軸側分裂組織
PO:0025402	phyllome abaxial meristem	フィロム背軸側分裂組織
PO:0025403	leaf abaxial meristem	葉背軸側分裂組織
PO:0025404	phyllome marginal meristem	フィロム縁分裂細胞
PO:0025405	leaf marginal meristem	葉縁分裂組織
PO:0025406	sieve element	師(篩）要素
PO:0025407	plant fiber cell	植物繊維細胞
PO:0025408	primary vascular tissue	一次維管組織
PO:0025409	secondary vascular tissue	二次維管組織
PO:0025410	axial system	軸系
PO:0025411	ray system	放射状組織
PO:0025412	albuminous cell	有胚乳細胞
PO:0025413	primary leaf vein	一次葉脈
PO:0025414	secondary thickening meristem	二次 肥厚分裂組織
PO:0025415	sieve cell	師（篩）細胞
PO:0025416	sieve tube	師(篩）管
PO:0025417	xylem vessel	木質部導管
PO:0025418	sclerid cell	厚膜細胞(scleroid?)
PO:0025419	septate fiber tracheid	隔壁繊維仮導管
PO:0025420	septate libriform fiber cell	隔壁靭皮繊維細胞
PO:0025421	septate phloem fiber cell	隔壁師部 fiber cell
PO:0025422	gelatinous fiber cell	膠質繊維細胞
PO:0025423	plant tissue development stage	植物細胞発生過程
PO:0025424	vascular tissue development stage	維管束細胞発生過程
PO:0025425	xylem development stage	木質部発生過程
PO:0025426	phloem development stage	師部発生過程
PO:0025427	secondary xylem development stage	二次木質部発生過程
PO:0025428	phyllome plate meristem	フィロム板状分裂細胞
PO:0025429	leaf plate meristem	葉の板状分裂組織
PO:0025430	phyllome anlagen	フィロム原基
PO:0025431	vascular leaf anlagen	維管束系葉原基
PO:0025432	cotyledon anlagen	子葉原基
PO:0025433	root anlagen	根原基
PO:0025434	petiole vascular bundle	葉柄維管束
PO:0025435	shoot axis cork cambium	シュート軸コルク形成層
PO:0025436	root cork cambium	根コルク形成層
PO:0025437	shoot axis vascular cambium	シュート軸維管束形成層
PO:0025438	root vascular cambium	根維管系形成層
PO:0025439	cambial zone	形成層
PO:0025440	shoot axis cambial zone	シュート軸形成層
PO:0025441	root cambial zone	根形成層
PO:0025442	stem secondary thickening meristem	茎二次肥厚分裂細胞
PO:0025443	root secondary thickening meristem	根二次肥厚分裂組織
PO:0025444	primary xylem tracheary element	一次木質部導管要素
PO:0025445	secondary xylem tracheary element	二次木質部仮導管要素
PO:0025446	primary xylem tracheid	一次木質部仮導管
PO:0025447	secondary xylem tracheid	二次木質部仮導管
PO:0025448	primary xylem vessel member	一次木質部導管状要素
PO:0025449	secondary xylem vessel member	二次木質部導管要素
PO:0025450	primary xylem vessel	一次木質部導管
PO:0025451	secondary xylem vessel	二次木質部導管
PO:0025452	primary phloem sieve element	一次師部 師（篩）要素
PO:0025453	secondary phloem sieve element	二次師部（師管部） 篩要素
PO:0025454	primary phloem sieve cell	一次師部 師（篩）細胞
PO:0025455	primary phloem sieve tube element	一次師部 師（篩）管
PO:0025456	secondary phloem sieve cell	二次師部（師管部）篩細胞
PO:0025457	secondary phloem sieve tube element	二次師部（師管部） 篩管要素
PO:0025458	transfer companion cell	転送伴細胞 
PO:0025459	ordinary companion cell	通常の伴細胞 
PO:0025460	intermediary companion cell	中間伴細胞 
PO:0025461	early wood tracheary element	早材管状要素
PO:0025462	late wood tracheary element	晩材管状要素
PO:0025463	cell division stage of secondary xylem	二次木部の細胞分裂期
PO:0025464	cell expansion stage of secondary xylem	二次木部の細胞伸長期
PO:0025465	secondary cell wall formation stage of secondary xylem	二次木部の細胞壁二次壁形成段階
PO:0025466	cell death stage of secondary xylem	二次木部の細胞死段階
PO:0025467	tracheary element death stage of secondary xylem	二次木部管状要素枯死期
PO:0025468	secondary xylem parenchyma cell death stage of secondary xylem	二次木部柔組織細胞死期
PO:0025469	cell differentiation stage of secondary xylem	二次木部の細胞分化期
PO:0025476	tuberous root tuber	塊茎根の塊茎
PO:0025477	floral structure primordium 	花構造原基（可視的）
PO:0025478	androecium primordium 	雄蕊群原基(可視的）
PO:0025479	basal root primordium 	下胚軸由来の根の原基(可視的）、不定根原基(可視的） 
PO:0025480	shoot-borne root primordium 	シュート細胞由来の根原基（可視的）
PO:0025481	leaflet primordium 	小葉原基（可視的）
PO:0025482	bract anlagen 	苞原基
PO:0025483	lodicule anlagen 	鱗被原基
PO:0025484	petal anlagen 	花弁原基   
PO:0025485	sepal anlagen 	がく片原基 
PO:0025486	stamen anlagen 	雄蕊原基
PO:0025487	bract primordium 	苞原基（可視的）
PO:0025488	flower bract primordium 	花苞（葉）原基（可視的）
PO:0025489	inflorescence bract primordium 	花序苞原基
PO:0025490	ovarian ovule 	子房胚珠   
PO:0025491	ovuliferous scale ovule 	種鱗胚珠
PO:0025492	pericyclic lateral root primordium	内鞘由来分枝根始原体
PO:0025493	non-pericyclic lateral root primordium	内鞘以外の組織から発生する分枝根始原体
PO:0025494	pericyclic lateral root	内鞘由来分枝根
PO:0025495	non-pericyclic lateral root	内鞘以外の組織から発生する分枝根
PO:0025496	multi-tissue plant structure 	複数の組織からなる植物構造
PO:0025497	collective plant structure 	集合的植物構造
PO:0025498	cardinal part of multi-tissue plant structure 	複数の組織からなる植物構造の基本（主要）部分
PO:0025499	sepal epidermis giant cell (PO:0025499)	がく片表皮巨大細胞
PO:0025509	archegonium central cell (PO:0025509)	造卵器中央細胞
PO:0025510	archegonial initial cell (PO:0025510)	造卵器始原細胞   
PO:0025511	petal spur (PO:0025511)	花弁距
PO:0025512	corolla spur (PO:0025512)	花冠距
PO:0025513	organ lamina (PO:0025513)	器官　葉身
PO:0025514	phyllome lamina lobe (PO:0025514)	フィロム葉身裂片
PO:0025515	phyllome lamina tooth (PO:0025515)	フィロム葉身歯
PO:0025516	phyllome lamina crena (PO:0025516)	フィロム葉身鈍鋸歯
PO:0025517	leaf lamina lobe (PO:0025517)	葉身裂片
PO:0025518	leaf lamina tooth (PO:0025518)	葉身歯
PO:0025519	leaf lamina crena (PO:0025519)	葉身鈍鋸歯
PO:0025520	leaf lamina intramarginal vein (new PO:0025520)	葉身辺縁葉脈
PO:0025521	unicellular plant gametangium (PO:0025521)	単細胞植物配偶子嚢 
PO:0025522	tuber (PO:0025522)	塊茎
PO:0025523	tuberous root (PO:0025523)	塊茎根
PO:0028001	plant life cycle phase	植物生活環段階
PO:0028002	sporophyte development stage	胞子体発生過程
PO:0028003	gametophyte development stage	配偶体発生過程
PO:0030001	chloronema cell	クロロネマ細胞
PO:0030002	caulonema cell	カウロネマ細胞
PO:0030003	protonema	原糸体
PO:0030004	chloronema	クロロネマ
PO:0030005	caulonema	カウロネマ
PO:0030006	protonema whole plant development stage	原糸体を形成する植物発生段階
PO:0030007	meristematic apical cell	分裂組織の頂端細胞
PO:0030008	root meristematic apical cell	根分裂組織の頂端細胞
PO:0030009	shoot meristematic apical cell	シュート分裂組織の頂端細胞
PO:0030010	shoot axis meristematic apical cell	シュート軸分裂組織の頂端細胞
PO:0030011	leaf meristematic apical cell	葉分裂組織の頂端細胞
PO:0030012	vascular leaf meristematic apical cell	維管束を持つ葉の分裂組織の頂端細胞
PO:0030013	non-vascular leaf meristematic apical cell	維管束を持たない葉の分裂組織の頂端細胞
PO:0030014	gametophyte meristematic apical cell	配偶体分裂組織の頂端細胞
PO:0030015	sporophyte meristematic apical cell	胞子体分裂組織の頂端細胞
PO:0030016	seta meristematic apical cell	柄分裂組織の頂端細胞
PO:0030017	spore capsule mouth	胞子嚢口
PO:0030018	gametophore	茎葉体, 蘚苔類の配偶体
PO:0030019	gametophore meristematic apical cell	茎葉体分裂組織の頂端細胞
PO:0030020	gametophore axis	茎葉体軸
PO:0030021	gametophore branch	茎葉体枝
PO:0030022	gametophore stem	茎葉体の茎
PO:0030023	gametophore axis meristematic apical cell	茎葉体軸分裂組織の頂端細胞
PO:0030024	vascular shoot axis meristematic apical cell	維管束を持つシュート軸分裂組織の頂端細胞
PO:0030025	thallus meristematic apical cell	葉状体分裂組織の頂端細胞
PO:0030026	gametophore bud	茎葉体芽
PO:0030027	thallus	葉状体
PO:0030028	perigonial bract	花蓋苞葉
PO:0030029	sporophyte foot	胞子体あし
PO:0030030	perichaetal bract	雌花苞葉
PO:0030031	gametophyte perianth	配偶体花蓋、花被 
PO:0030032	seta	柄
PO:0030033	antheridiophore	雄器床柄
PO:0030034	archegoniophore	雌器床柄、雌器托
PO:0030035	antheridium stalk	造精器柄
PO:0030036	archegonium stalk	造卵器柄
PO:0030037	spore capsule calyptra	コケ類　蘚帽
PO:0030038	venter	造卵器腹部
PO:0030039	archegonium neck	造卵器頸部
PO:0030040	sporangium base	胞子嚢基部
PO:0030041	sporangium theca	胞子嚢殻
PO:0030042	peristome	蒴歯、縁歯
PO:0030043	peristome tooth	蒴歯歯片、縁歯歯片,　歯環を構成する個々の歯
PO:0030044	spore capsule operculum	胞子嚢蓋
PO:0030045	stereid	補強細胞
PO:0030046	protonema meristematic apical cell	原糸体、糸状体の分裂組織の頂端細胞
PO:0030047	hydrome	導水組織
PO:0030048	leptome	師部、レプトーム
PO:0030049	sporangium wall endothecium	胞子嚢壁内皮
PO:0030050	stereome	機械組織
PO:0030051	central strand	中心束
PO:0030052	antheridium jacket layer cell	造精器被覆層細胞
PO:0030053	antheridium jacket layer	造精器被覆層
PO:0030054	epiphragm	冬蓋
PO:0030055	pseudopodium	擬子柄
PO:0030056	archesporial cell	胞原細胞
PO:0030057	alar cell	翼細胞
PO:0030058	brachycyte	原糸体細胞の細胞壁を厚くした細胞、耐性細胞(brood cell?)
PO:0030059	tmema cell	ツメマ細胞（脱離細胞）
PO:0030060	gametophore axillary hair	茎葉体腋毛
PO:0030061	tmema	ツメマ
PO:0030062	gametophore axillary hair terminal cell	茎葉体腋毛終端細胞
PO:0030063	gametophore axillary hair base	茎葉体腋毛基底
PO:0030064	gametophore axillary hair basal cell	茎葉体腋毛基底細胞
PO:0030065	archegonium neck canal cell	造卵器頚溝細胞
PO:0030066	archegonium neck canal	造卵器頚溝
PO:0030067	protonema side branch initial	原糸体側枝始原細胞
PO:0030068	epidermal rhizoid initial	表皮仮根始原細胞
PO:0030069	paraphyllium	毛葉
PO:0030070	paraphysis	側糸
PO:0030071	epidermal rhizoid	表皮仮根
PO:0030072	costa	中肋
PO:0030073	exothecium	外皮
PO:0030074	archesporium	胞原組織
PO:0030075	antheridium head	造精器頭部
PO:0030076	archegonium head	造卵器頭部
PO:0030077	protonemal side branch rhizoid initial	原糸体側枝仮根始原細胞
PO:0030078	rhizoid	仮根
PO:0030079	protonemal rhizoid	原糸体仮根
PO:0030080	rhizoid meristematic apical cell	仮根分裂頂端細胞
PO:0030081	caulonema meristematic apical cell	カウロネマ分裂頂端細胞
PO:0030082	chloronema meristematic apical cell	クロロネマ分裂頂端細胞
PO:0030083	gametophore bud initial	茎葉体芽始原細胞
PO:0030084	amphithecium	アンフィテシウム細胞
PO:0030085	protosporangium endothecium	原生胞子嚢内皮
PO:0030086	protonema sub-apical initial	原糸体次頂端始原細胞
PO:0030087	non-vascular leaf initial	非維管束葉の始原細胞
